model,rmse,mae,nasa_score,loss
random_forest,16.69118433252041,11.740255863539446,33798.29823002912,
lstm,41.44960559407679,36.546579263029585,591225.3450997062,1718.0698272033542
